PID1,PID2,since,status,requested_by
P094,P067,2025-12-31 17:08:27,blocked,P067
P056,P088,2025-01-06 10:00:56,accepted,P088
P046,P097,2025-02-17 20:30:57,pending,P097
P003,P030,2025-03-17 17:39:11,blocked,P003
P028,P094,2024-10-11 12:29:34,blocked,P028
P016,P047,2026-03-30 20:03:10,blocked,P016
P049,P082,2025-04-11 04:15:20,blocked,P049
P077,P007,2026-02-20 16:00:49,pending,P077
P007,P089,2024-12-23 10:28:43,accepted,P089
P049,P016,2025-11-23 14:04:59,accepted,P016
P090,P020,2025-03-03 02:42:10,blocked,P090
P039,P054,2026-02-20 10:19:18,pending,P054
P080,P078,2026-03-22 18:29:09,pending,P078
P014,P066,2026-04-05 18:46:24,blocked,P014
P037,P015,2024-12-16 00:53:56,accepted,P037
P078,P026,2026-05-21 18:12:19,accepted,P078
P046,P091,2025-08-08 18:24:35,accepted,P046
P006,P071,2025-10-15 00:43:20,pending,P071
P043,P031,2024-09-26 15:02:24,pending,P043
P015,P074,2026-02-26 03:28:21,accepted,P015
P012,P100,2025-10-26 22:52:44,pending,P012
P033,P083,2025-03-23 01:08:24,accepted,P083
P034,P060,2024-11-02 09:33:45,pending,P034
P006,P038,2025-07-01 06:53:16,blocked,P038
P055,P095,2024-12-23 12:33:08,pending,P055
P002,P018,2026-02-21 17:50:02,blocked,P002
P043,P046,2025-08-30 11:35:23,blocked,P046
P094,P012,2025-07-10 22:10:49,accepted,P094
P015,P052,2025-08-01 09:12:17,accepted,P052
P050,P089,2025-09-30 23:07:59,accepted,P050
P015,P017,2026-03-19 05:32:49,blocked,P015
P021,P014,2025-08-13 15:19:07,blocked,P014
P073,P087,2025-08-30 19:56:48,pending,P087
P100,P046,2026-01-12 08:32:49,pending,P100
P062,P063,2024-12-21 05:18:25,accepted,P063
P006,P009,2025-04-15 16:49:02,blocked,P009
P002,P091,2026-03-05 01:30:39,blocked,P002
P086,P044,2025-11-01 16:43:09,blocked,P086
P056,P085,2026-04-11 21:46:28,pending,P085
P045,P085,2026-03-03 19:03:47,blocked,P085
P020,P072,2026-01-13 13:32:43,pending,P020
P083,P021,2025-10-22 04:27:45,accepted,P021
P022,P010,2026-05-01 03:40:13,accepted,P010
P036,P007,2025-10-23 05:50:51,pending,P007
P052,P031,2024-11-24 17:30:31,accepted,P031
P074,P058,2024-12-01 20:48:32,accepted,P058
P041,P016,2025-10-15 19:42:40,blocked,P041
P014,P052,2025-08-10 18:32:51,pending,P014
P012,P078,2026-01-18 08:13:46,blocked,P078
P066,P072,2025-03-04 03:59:12,blocked,P072
P044,P047,2024-11-05 15:45:47,pending,P047
P043,P072,2026-05-13 13:40:42,blocked,P072
P092,P085,2025-07-03 16:18:04,blocked,P085
P015,P013,2026-05-07 06:44:59,blocked,P015
P001,P044,2025-06-27 08:16:13,blocked,P044
P071,P067,2025-07-11 21:49:17,blocked,P071
P006,P022,2025-10-11 23:24:50,pending,P022
P014,P033,2026-01-11 23:06:08,pending,P014
P016,P051,2025-03-10 22:52:46,accepted,P016
P092,P044,2024-12-17 04:53:56,accepted,P092
P082,P087,2025-12-25 20:14:04,pending,P087
P059,P085,2025-12-26 05:38:58,blocked,P059
P064,P001,2025-11-10 10:42:28,blocked,P064
P071,P056,2025-12-22 23:26:26,accepted,P071
P089,P075,2025-02-06 09:04:32,blocked,P089
P014,P050,2026-02-17 05:05:41,blocked,P050
P065,P050,2025-08-15 16:28:35,blocked,P065
P036,P051,2025-06-17 19:21:04,accepted,P051
P018,P053,2026-01-05 11:52:11,blocked,P053
P090,P071,2025-05-26 07:43:16,blocked,P090
P026,P027,2026-01-22 07:19:37,blocked,P027
P088,P045,2026-02-28 17:57:16,pending,P088
P065,P070,2026-03-17 18:54:47,blocked,P070
P091,P015,2026-05-08 09:52:27,accepted,P015
P075,P074,2026-02-24 16:42:44,blocked,P074
P087,P096,2025-11-13 04:40:10,accepted,P096
P002,P067,2024-12-16 04:45:12,pending,P067
P019,P007,2026-02-27 02:26:36,pending,P019
P035,P097,2025-01-27 12:03:11,accepted,P097
P019,P008,2026-03-14 21:37:15,accepted,P019
