LID,PID,scope,scope_ref,rank_position,elo_snapshot,recorded_at
L0001,P097,global,ALL,368,2467,2026-05-01 10:37:17
L0002,P014,game_type,GT048,663,1949,2026-04-25 06:10:17
L0003,P031,tournament,T045,681,896,2026-04-24 13:09:07
L0004,P050,country,UK,980,2414,2026-04-17 20:32:11
L0005,P071,global,ALL,14,2323,2026-04-11 21:40:02
L0006,P026,country,France,850,1261,2026-04-23 04:53:56
L0007,P097,game_type,GT050,743,1196,2026-04-16 01:29:01
L0008,P058,game_type,GT044,77,1182,2026-04-04 08:58:19
L0009,P095,global,ALL,387,883,2026-04-29 02:29:44
L0010,P036,tournament,T009,165,1996,2026-04-12 06:13:50
L0011,P001,tournament,T030,727,1117,2026-03-22 09:04:05
L0012,P020,tournament,T039,53,2384,2026-05-17 06:28:19
L0013,P085,tournament,T032,809,1972,2026-05-10 21:57:58
L0014,P046,global,ALL,803,2249,2026-04-18 08:39:54
L0015,P068,game_type,GT012,534,939,2026-05-06 13:03:44
L0016,P021,country,Pakistan,557,1899,2026-04-26 16:01:47
L0017,P012,tournament,T015,905,1236,2026-04-19 17:20:40
L0018,P043,tournament,T019,224,2341,2026-05-09 00:09:07
L0019,P061,global,ALL,118,2169,2026-04-21 02:15:19
L0020,P058,game_type,GT042,629,2072,2026-04-11 04:09:30
L0021,P006,tournament,T025,938,2430,2026-03-29 12:10:50
L0022,P050,tournament,T035,742,1379,2026-03-20 21:34:06
L0023,P067,tournament,T033,823,1841,2026-04-30 18:13:22
L0024,P063,global,ALL,304,2134,2026-04-06 04:35:10
L0025,P042,global,ALL,971,996,2026-04-03 18:03:29
L0026,P099,global,ALL,642,934,2026-04-07 23:09:23
L0027,P086,game_type,GT044,435,1012,2026-04-07 11:02:06
L0028,P069,country,Australia,663,2472,2026-03-25 12:03:10
L0029,P096,game_type,GT002,471,2268,2026-04-19 16:57:10
L0030,P005,global,ALL,76,911,2026-04-04 18:45:06
L0031,P033,global,ALL,589,2482,2026-04-09 14:27:09
L0032,P034,country,Canada,398,1723,2026-04-26 18:25:55
L0033,P056,tournament,T002,399,2178,2026-03-29 23:40:20
L0034,P069,global,ALL,657,2275,2026-03-24 15:21:15
L0035,P097,global,ALL,718,948,2026-04-22 05:30:06
L0036,P065,global,ALL,297,2411,2026-04-16 18:11:52
L0037,P078,global,ALL,289,2367,2026-04-29 23:51:33
L0038,P049,country,Australia,842,2153,2026-03-21 11:48:49
L0039,P061,game_type,GT035,226,1079,2026-04-25 11:04:43
L0040,P070,tournament,T041,148,1410,2026-04-23 17:27:25
L0041,P002,game_type,GT008,43,810,2026-05-13 02:31:51
L0042,P077,country,Japan,551,1921,2026-03-26 18:21:35
L0043,P040,game_type,GT048,760,2286,2026-04-20 21:13:56
L0044,P028,country,USA,928,2122,2026-05-07 06:20:03
L0045,P019,game_type,GT012,227,2063,2026-04-12 00:55:51
L0046,P025,global,ALL,186,2174,2026-05-12 13:53:15
L0047,P007,country,India,661,1925,2026-03-25 14:26:21
L0048,P038,global,ALL,257,1001,2026-04-06 16:00:58
L0049,P093,country,UK,975,1477,2026-04-22 04:11:33
L0050,P017,game_type,GT007,292,2068,2026-03-25 06:39:59
L0051,P025,tournament,T032,462,1472,2026-05-17 08:10:55
L0052,P085,tournament,T045,599,1112,2026-05-12 09:49:54
L0053,P073,tournament,T052,324,1677,2026-04-03 20:57:30
L0054,P001,tournament,T016,805,1253,2026-04-29 20:14:33
L0055,P036,tournament,T009,696,2301,2026-04-19 16:35:51
L0056,P062,country,USA,457,1534,2026-04-17 03:48:03
L0057,P063,global,ALL,180,2122,2026-05-16 09:32:41
L0058,P011,tournament,T055,847,1086,2026-05-09 19:04:15
L0059,P026,tournament,T047,908,2083,2026-03-25 22:10:12
L0060,P094,global,ALL,914,838,2026-05-06 17:48:40
L0061,P081,global,ALL,833,1991,2026-05-13 16:56:11
L0062,P052,game_type,GT003,565,1333,2026-05-10 06:22:31
L0063,P070,country,Germany,670,2387,2026-04-01 22:20:23
L0064,P047,country,India,229,2381,2026-05-14 17:52:09
L0065,P094,tournament,T009,476,1826,2026-05-07 01:20:46
L0066,P012,country,UK,373,1828,2026-03-19 12:40:49
L0067,P085,game_type,GT040,701,1139,2026-05-07 10:01:31
L0068,P018,country,Pakistan,164,1166,2026-05-12 11:42:28
L0069,P073,game_type,GT048,750,1790,2026-04-22 08:03:15
L0070,P006,game_type,GT049,500,1274,2026-03-24 14:28:37
L0071,P034,tournament,T015,44,2169,2026-04-07 13:49:06
L0072,P067,tournament,T025,481,1731,2026-03-23 00:12:25
L0073,P006,tournament,T007,721,1867,2026-04-14 01:17:24
L0074,P095,tournament,T038,558,1967,2026-04-04 09:05:57
L0075,P049,country,Australia,375,2003,2026-03-26 01:22:28
L0076,P067,tournament,T025,997,1256,2026-05-07 15:14:00
L0077,P052,tournament,T053,889,1506,2026-05-04 18:28:10
L0078,P062,global,ALL,514,1084,2026-04-30 05:02:17
L0079,P022,game_type,GT005,527,2117,2026-04-14 18:20:00
L0080,P028,game_type,GT012,162,1541,2026-05-15 22:48:32
L0081,P092,global,ALL,677,1271,2026-04-27 18:07:11
L0082,P043,global,ALL,494,2182,2026-05-03 23:43:08
L0083,P062,game_type,GT038,166,2125,2026-04-27 09:27:52
L0084,P003,game_type,GT003,131,1974,2026-05-15 00:16:12
L0085,P021,game_type,GT041,525,880,2026-05-13 01:29:02
L0086,P019,global,ALL,171,1328,2026-04-04 23:31:04
L0087,P067,country,Canada,614,1954,2026-03-20 07:23:16
L0088,P093,tournament,T006,222,1719,2026-05-16 09:18:27
L0089,P061,country,France,175,1249,2026-04-27 09:09:22
L0090,P077,game_type,GT038,841,2371,2026-04-05 03:49:14
L0091,P080,tournament,T011,742,2204,2026-04-20 18:28:54
L0092,P059,global,ALL,236,1574,2026-04-24 22:11:28
L0093,P017,global,ALL,17,1214,2026-05-08 06:00:20
L0094,P065,country,USA,847,1106,2026-05-16 06:56:34
L0095,P013,game_type,GT031,924,2059,2026-05-15 17:40:02
L0096,P005,global,ALL,96,1787,2026-03-31 03:41:17
L0097,P078,global,ALL,919,2386,2026-04-29 09:27:37
L0098,P067,country,Canada,380,888,2026-05-08 22:33:43
L0099,P055,game_type,GT031,809,2374,2026-04-24 12:20:43
L0100,P045,global,ALL,436,1074,2026-04-12 05:04:11
