PID,first_name,last_name,email,password_hash,rank_elo,country,avatar_url,last_active,created_at,is_active
P001,Ava,Khan,ava.khan1@example.com,hash_1a3d1fa7bc8960a923b8c1e9392456de,2185,Japan,https://cdn.gamehub.example/avatars/P001.png,2026-10-21 18:30:11,2026-01-13 11:30:11,TRUE
P002,Layla,Lewis,layla.lewis2@example.com,hash_9a1de644815ef6d13b8faa1837f8a88b,854,Japan,https://cdn.gamehub.example/avatars/P002.png,2024-08-10 06:28:19,2024-07-11 04:28:19,TRUE
P003,Henry,Lewis,henry.lewis3@example.com,hash_01a9e71fde8a774bcf36d58b47378190,2354,UK,https://cdn.gamehub.example/avatars/P003.png,2026-03-09 11:18:39,2024-12-04 17:18:39,FALSE
P004,Ella,Wilson,ella.wilson4@example.com,hash_18c267976142ea7d17be31111a2a73ed,1535,Germany,https://cdn.gamehub.example/avatars/P004.png,2025-05-23 16:20:52,2024-10-15 06:20:52,TRUE
P005,Liam,Adams,liam.adams5@example.com,hash_142c3fe860e7a113ec1b8ca1f91e1d4c,1930,India,https://cdn.gamehub.example/avatars/P005.png,2026-12-09 11:18:01,2025-06-08 08:18:01,TRUE
P006,Alexander,Miller,alexander.miller6@example.com,hash_4a15544dc5e7ce8a3a578a8ea9488d99,963,Pakistan,https://cdn.gamehub.example/avatars/P006.png,2026-02-24 19:10:15,2025-12-15 18:10:15,TRUE
P007,Sebastian,Wilson,sebastian.wilson7@example.com,hash_35a240ae5af305535ec42e0829a3b2e9,2172,India,https://cdn.gamehub.example/avatars/P007.png,2027-03-16 03:10:50,2025-06-03 16:10:50,TRUE
P008,William,Scott,william.scott8@example.com,hash_6123fdf77656af7229d4beef3eabedcb,1352,Japan,https://cdn.gamehub.example/avatars/P008.png,2026-04-27 09:15:20,2024-10-27 10:15:20,TRUE
P009,Aiden,Mitchell,aiden.mitchell9@example.com,hash_50c187fcce177b4e0837b8a3d261a7ab,1621,India,https://cdn.gamehub.example/avatars/P009.png,2026-04-01 13:24:11,2026-02-03 06:24:11,TRUE
P010,Amelia,Turner,amelia.turner10@example.com,hash_e27a984d654821d07fcd9eb1a7cad415,2116,Brazil,https://cdn.gamehub.example/avatars/P010.png,2026-07-19 07:00:08,2025-08-31 01:00:08,TRUE
P011,Ethan,Lee,ethan.lee11@example.com,hash_6dadd6c795a76d79bf3c4c06434308bc,1995,France,https://cdn.gamehub.example/avatars/P011.png,2026-07-22 18:28:11,2024-12-25 01:28:11,TRUE
P012,Mason,Lee,mason.lee12@example.com,hash_1c11f735dc713d960c0fd195c17af08a,1113,UK,https://cdn.gamehub.example/avatars/P012.png,2026-12-04 08:15:30,2025-07-17 06:15:30,FALSE
P013,William,Smith,william.smith13@example.com,hash_405cacec877409a977d21e02ff01cf99,1933,USA,https://cdn.gamehub.example/avatars/P013.png,2026-05-07 03:34:57,2025-04-11 08:34:57,TRUE
P014,Henry,Nelson,henry.nelson14@example.com,hash_74273ca3287d06ca6f4cc69a4b22d308,806,India,https://cdn.gamehub.example/avatars/P014.png,2025-12-23 20:58:55,2025-01-09 17:58:55,TRUE
P015,Daniel,Turner,daniel.turner15@example.com,hash_9be578c781f631d4a39231a7d777a477,1207,UK,https://cdn.gamehub.example/avatars/P015.png,2026-06-09 12:38:29,2024-09-07 03:38:29,TRUE
P016,James,Young,james.young16@example.com,hash_04fc6d827d15438552fbe43b99546eb4,1029,Germany,https://cdn.gamehub.example/avatars/P016.png,2027-08-08 06:38:58,2026-02-11 06:38:58,TRUE
P017,Harper,Patel,harper.patel17@example.com,hash_d0e6e6607c69dee1bb5e4bcf15ed6269,941,Japan,https://cdn.gamehub.example/avatars/P017.png,2026-07-23 16:10:18,2024-12-20 14:10:18,TRUE
P018,Elijah,Green,elijah.green18@example.com,hash_9b49bd26df57c59a8715a10343dac043,1666,Pakistan,https://cdn.gamehub.example/avatars/P018.png,2027-01-03 20:54:20,2025-06-20 15:54:20,TRUE
P019,Abigail,Clark,abigail.clark19@example.com,hash_1efa21977394988f847fd9b4e64d1bcb,1307,Pakistan,https://cdn.gamehub.example/avatars/P019.png,2026-12-07 19:09:08,2025-11-20 05:09:08,TRUE
P020,Ella,Khan,ella.khan20@example.com,hash_122c9a5601d7425638602ab696a402f2,2249,USA,https://cdn.gamehub.example/avatars/P020.png,2027-04-06 17:52:09,2025-09-16 10:52:09,TRUE
P021,Noah,Roberts,noah.roberts21@example.com,hash_ab4220a7474a493b3ceddf2d839fbc50,1794,Pakistan,https://cdn.gamehub.example/avatars/P021.png,2025-06-13 23:34:47,2024-07-10 21:34:47,TRUE
P022,Alexander,King,alexander.king22@example.com,hash_1825bc5430beb45f683514f2ceb81f9d,998,France,https://cdn.gamehub.example/avatars/P022.png,2026-02-22 06:13:35,2025-06-18 15:13:35,TRUE
P023,Chloe,Lewis,chloe.lewis23@example.com,hash_1931e9eea56c0941fbf24050a748dbcf,924,France,https://cdn.gamehub.example/avatars/P023.png,2025-08-09 02:58:14,2025-06-14 05:58:14,TRUE
P024,Oliver,Davis,oliver.davis24@example.com,hash_2ef912766c006f6123e2fcb472d8567d,1370,Brazil,https://cdn.gamehub.example/avatars/P024.png,2025-05-26 00:29:52,2024-11-12 07:29:52,TRUE
P025,Noah,Walker,noah.walker25@example.com,hash_8a63f881ffd0f9d5a6f2f7b80cf35b58,830,Canada,https://cdn.gamehub.example/avatars/P025.png,2027-09-20 05:37:34,2026-03-06 02:37:34,TRUE
P026,James,Lewis,james.lewis26@example.com,hash_0f02bad0e7067ef466aa9385dd59ba71,1137,France,https://cdn.gamehub.example/avatars/P026.png,2026-11-02 23:00:24,2025-06-28 17:00:24,TRUE
P027,Sebastian,Wilson,sebastian.wilson27@example.com,hash_bb026576f512c4c3b253d2186c4a37ea,1938,Brazil,https://cdn.gamehub.example/avatars/P027.png,2027-05-26 21:08:07,2026-02-15 12:08:07,TRUE
P028,Lucas,Ahmed,lucas.ahmed28@example.com,hash_bf7b539b0f9aea4b8acd4e10bc594585,1442,USA,https://cdn.gamehub.example/avatars/P028.png,2025-01-31 08:14:19,2024-12-02 14:14:19,TRUE
P029,Layla,Hall,layla.hall29@example.com,hash_14822f5382010c62f5f59b220e8fa8e0,1180,Canada,https://cdn.gamehub.example/avatars/P029.png,2027-01-06 06:48:37,2025-07-12 01:48:37,TRUE
P030,Harper,Clark,harper.clark30@example.com,hash_9e8fc9650a2c827e9832685694340a03,967,France,https://cdn.gamehub.example/avatars/P030.png,2026-04-23 21:50:54,2024-09-17 14:50:54,TRUE
P031,Ethan,Miller,ethan.miller31@example.com,hash_abf3e3fc21813d25655238a643ff5011,2121,India,https://cdn.gamehub.example/avatars/P031.png,2026-10-05 23:35:49,2025-11-18 16:35:49,FALSE
P032,Aiden,Turner,aiden.turner32@example.com,hash_902059e4ff9ab5c29f044aed75523327,1004,Canada,https://cdn.gamehub.example/avatars/P032.png,2026-04-05 11:46:11,2026-01-21 11:46:11,TRUE
P033,Daniel,Wilson,daniel.wilson33@example.com,hash_48f4ef125e9953d23e896c64e117dac3,1123,Brazil,https://cdn.gamehub.example/avatars/P033.png,2025-09-19 11:10:09,2024-09-27 09:10:09,TRUE
P034,Hannah,Carter,hannah.carter34@example.com,hash_4ca415ea8dfa6a56d12dbc9aaaf91531,2158,Canada,https://cdn.gamehub.example/avatars/P034.png,2027-05-01 11:00:07,2025-11-06 11:00:07,TRUE
P035,Ethan,Garcia,ethan.garcia35@example.com,hash_48212ddb45b89cd927cb6f2a8da01097,2038,Pakistan,https://cdn.gamehub.example/avatars/P035.png,2026-08-26 12:26:49,2026-05-08 13:26:49,TRUE
P036,Amelia,Green,amelia.green36@example.com,hash_e87d1c78e7c421c740497b717d106c60,904,Canada,https://cdn.gamehub.example/avatars/P036.png,2026-07-19 19:03:08,2025-10-22 03:03:08,FALSE
P037,Evelyn,Patel,evelyn.patel37@example.com,hash_295d6fbf430f801dfad409e2a319dcb4,2318,Brazil,https://cdn.gamehub.example/avatars/P037.png,2025-05-26 10:05:47,2024-06-19 06:05:47,FALSE
P038,Aria,Khan,aria.khan38@example.com,hash_093923de8babce3b26286bfbe767dcea,1556,Australia,https://cdn.gamehub.example/avatars/P038.png,2024-11-28 07:28:49,2024-09-11 09:28:49,TRUE
P039,Chloe,Lee,chloe.lee39@example.com,hash_f8e1daa7cbceabdeeededb07e623a689,881,Germany,https://cdn.gamehub.example/avatars/P039.png,2025-05-30 10:44:47,2024-07-18 23:44:47,TRUE
P040,Harper,Green,harper.green40@example.com,hash_f94d62046808593fdfed2c43e256a6dc,2071,UK,https://cdn.gamehub.example/avatars/P040.png,2025-09-02 01:12:43,2024-09-04 08:12:43,TRUE
P041,James,Carter,james.carter41@example.com,hash_ecab3301bc8f7d292dea94930658663a,1480,France,https://cdn.gamehub.example/avatars/P041.png,2026-09-05 18:52:49,2026-03-08 05:52:49,TRUE
P042,Evelyn,Brown,evelyn.brown42@example.com,hash_787f2425dbccc47709e9db0adf465290,1255,Pakistan,https://cdn.gamehub.example/avatars/P042.png,2026-06-08 13:43:28,2026-02-18 01:43:28,FALSE
P043,Jackson,Ahmed,jackson.ahmed43@example.com,hash_6601ddd03170f437a8f7ef5a060edf5b,1472,India,https://cdn.gamehub.example/avatars/P043.png,2026-11-04 02:54:24,2026-03-15 19:54:24,TRUE
P044,Evelyn,Martinez,evelyn.martinez44@example.com,hash_89456f27d7fa2d8dfb2ca025adf4e62d,1478,USA,https://cdn.gamehub.example/avatars/P044.png,2027-04-02 06:05:10,2025-10-27 18:05:10,TRUE
P045,Ethan,Brown,ethan.brown45@example.com,hash_587ef3446f3f920c98b8e4cc1bc044fc,2292,Germany,https://cdn.gamehub.example/avatars/P045.png,2026-06-08 11:58:37,2025-09-10 10:58:37,FALSE
P046,William,Allen,william.allen46@example.com,hash_b572f3d00b5cea6a41357e8c30a900ad,1693,USA,https://cdn.gamehub.example/avatars/P046.png,2025-10-14 01:47:37,2024-09-14 07:47:37,TRUE
P047,Scarlett,Lewis,scarlett.lewis47@example.com,hash_1fe771d6d9178793a9d3c2e6505cc686,2274,India,https://cdn.gamehub.example/avatars/P047.png,2025-07-14 15:24:22,2024-08-09 20:24:22,TRUE
P048,Mateo,Johnson,mateo.johnson48@example.com,hash_aa38d0a16ba25efe311c6eb62095eef6,1576,UK,https://cdn.gamehub.example/avatars/P048.png,2026-02-21 18:17:12,2025-04-25 01:17:12,TRUE
P049,Grace,Young,grace.young49@example.com,hash_c9277d9b6e0d264835ce884149732d6c,1987,Australia,https://cdn.gamehub.example/avatars/P049.png,2026-03-26 10:45:49,2026-03-26 01:45:49,TRUE
P050,Lily,Walker,lily.walker50@example.com,hash_f5b78cc7e6b3c944cb323e357922bac2,2307,UK,https://cdn.gamehub.example/avatars/P050.png,2025-12-30 14:27:21,2025-05-25 22:27:21,TRUE
P051,Logan,Allen,logan.allen51@example.com,hash_f3b63fe1d184332417e8392a55cee5db,2338,Pakistan,https://cdn.gamehub.example/avatars/P051.png,2027-08-24 22:07:56,2025-11-14 03:07:56,TRUE
P052,Mason,Carter,mason.carter52@example.com,hash_79a28903fbe33b243eae00320bd4a990,2051,Canada,https://cdn.gamehub.example/avatars/P052.png,2025-04-17 04:03:03,2024-11-18 04:03:03,FALSE
P053,Mateo,Roberts,mateo.roberts53@example.com,hash_7e8f8095624c69b6b24445a7b7e58481,1618,Pakistan,https://cdn.gamehub.example/avatars/P053.png,2027-05-30 21:40:39,2025-10-18 15:40:39,TRUE
P054,Aarav,Roberts,aarav.roberts54@example.com,hash_f53d4330cdda24ba2d06e8cf3805f907,2225,Japan,https://cdn.gamehub.example/avatars/P054.png,2026-05-10 07:59:32,2026-01-20 18:59:32,FALSE
P055,Sophia,Young,sophia.young55@example.com,hash_aae65fc176f2dbfecd29a36f222282e1,1887,Japan,https://cdn.gamehub.example/avatars/P055.png,2025-04-30 15:23:33,2024-12-27 01:23:33,TRUE
P056,Leo,Wright,leo.wright56@example.com,hash_722764e68c41561be827a1b9d4a02e53,1125,Brazil,https://cdn.gamehub.example/avatars/P056.png,2027-08-10 01:49:20,2026-03-11 12:49:20,FALSE
P057,Ethan,Nelson,ethan.nelson57@example.com,hash_464c04af3d3f3799a07295e97c0e8cd8,1700,Canada,https://cdn.gamehub.example/avatars/P057.png,2025-10-05 04:52:57,2024-12-25 12:52:57,TRUE
P058,Harper,Wilson,harper.wilson58@example.com,hash_3b33f3d8269cd696236c7b8714a0bccb,1584,UK,https://cdn.gamehub.example/avatars/P058.png,2026-01-26 01:39:06,2025-03-04 08:39:06,TRUE
P059,Noah,Lewis,noah.lewis59@example.com,hash_34f3193c0ff0a55c6a702e2f7746d0ba,1660,France,https://cdn.gamehub.example/avatars/P059.png,2026-04-02 19:12:10,2025-04-29 02:12:10,TRUE
P060,Alexander,Clark,alexander.clark60@example.com,hash_da7b909563d62a39c0e3befd4c71e0fe,1658,Japan,https://cdn.gamehub.example/avatars/P060.png,2025-06-28 10:32:48,2025-06-21 23:32:48,TRUE
P061,Zara,Davis,zara.davis61@example.com,hash_ab3b4d37560c95ee638c254c076e2bba,2190,France,https://cdn.gamehub.example/avatars/P061.png,2026-04-06 02:52:58,2025-01-14 11:52:58,TRUE
P062,Lily,Turner,lily.turner62@example.com,hash_978648f864de82e6e82c7d7b06e745f9,1955,USA,https://cdn.gamehub.example/avatars/P062.png,2026-06-23 08:09:16,2024-09-23 15:09:16,TRUE
P063,Chloe,Lee,chloe.lee63@example.com,hash_53cd6268610cf37342999aa40cdf742b,1233,Brazil,https://cdn.gamehub.example/avatars/P063.png,2027-08-06 00:16:49,2026-04-20 19:16:49,TRUE
P064,Ella,Nelson,ella.nelson64@example.com,hash_6bebac31d4f8fd72f3821cfdc083b73a,1316,Canada,https://cdn.gamehub.example/avatars/P064.png,2027-05-24 01:40:40,2026-04-30 17:40:40,FALSE
P065,Maya,Adams,maya.adams65@example.com,hash_c7fee39f1190f938a66fd7f739669fa7,2134,USA,https://cdn.gamehub.example/avatars/P065.png,2025-10-01 22:29:59,2025-08-09 11:29:59,TRUE
P066,Harper,Miller,harper.miller66@example.com,hash_793b4c32205004943d1148022702878b,2171,Canada,https://cdn.gamehub.example/avatars/P066.png,2026-04-20 03:21:34,2026-03-30 08:21:34,TRUE
P067,Lily,Baker,lily.baker67@example.com,hash_bf780e3ff6b751f79b7492459b1bc895,2271,Canada,https://cdn.gamehub.example/avatars/P067.png,2026-01-13 17:43:43,2025-01-01 12:43:43,TRUE
P068,Abigail,Garcia,abigail.garcia68@example.com,hash_f54ad0a2e87466d7ad66a1bd93676a02,1568,France,https://cdn.gamehub.example/avatars/P068.png,2025-10-05 08:27:55,2025-09-08 23:27:55,TRUE
P069,Noah,King,noah.king69@example.com,hash_4d3485c5c5c14eb4b27b3d901a16342c,2201,Australia,https://cdn.gamehub.example/avatars/P069.png,2027-09-08 04:59:08,2025-12-04 21:59:08,TRUE
P070,Alexander,Carter,alexander.carter70@example.com,hash_11a726095eddbbbfa95976636daa2e68,1836,Germany,https://cdn.gamehub.example/avatars/P070.png,2025-07-09 02:35:02,2024-07-18 09:35:02,TRUE
P071,Mateo,Mitchell,mateo.mitchell71@example.com,hash_e43e4288a2b5b4985cb85aedf5f62c97,1741,UK,https://cdn.gamehub.example/avatars/P071.png,2025-10-18 19:01:19,2025-07-02 06:01:19,FALSE
P072,Mia,Adams,mia.adams72@example.com,hash_c64ee6e389c5b31aeb6c1016cee624d0,1790,Brazil,https://cdn.gamehub.example/avatars/P072.png,2026-04-29 13:03:51,2025-07-26 18:03:51,FALSE
P073,Layla,Wilson,layla.wilson73@example.com,hash_3e6dd58b7367c28de1b294de4767d76c,2336,Brazil,https://cdn.gamehub.example/avatars/P073.png,2025-10-30 22:11:34,2025-02-21 20:11:34,FALSE
P074,Ella,Khan,ella.khan74@example.com,hash_cc3ebdde5ad5cf06364d7c877cd0129d,1329,Germany,https://cdn.gamehub.example/avatars/P074.png,2026-06-02 15:32:27,2025-07-05 10:32:27,TRUE
P075,William,Baker,william.baker75@example.com,hash_30e912f2f2b43abf8441aefd0299436a,975,Pakistan,https://cdn.gamehub.example/avatars/P075.png,2027-02-07 19:23:24,2026-05-01 02:23:24,FALSE
P076,Zara,Young,zara.young76@example.com,hash_7da67785b63b4dc3a559e46379e13cea,1717,USA,https://cdn.gamehub.example/avatars/P076.png,2026-09-30 07:12:48,2026-01-26 09:12:48,TRUE
P077,Logan,Davis,logan.davis77@example.com,hash_792799735e781fd794e0d3baa9f948b2,1933,Japan,https://cdn.gamehub.example/avatars/P077.png,2025-12-31 23:35:00,2025-04-26 14:35:00,TRUE
P078,Chloe,Adams,chloe.adams78@example.com,hash_4e7ed827455ac7627428a656b3ee4d3b,1314,Pakistan,https://cdn.gamehub.example/avatars/P078.png,2026-07-22 10:59:05,2025-08-17 23:59:05,TRUE
P079,Lucas,Johnson,lucas.johnson79@example.com,hash_bd1531c83764fbda3108d4482f65fafa,1791,India,https://cdn.gamehub.example/avatars/P079.png,2026-03-20 06:39:42,2024-09-17 08:39:42,TRUE
P080,Oliver,Mitchell,oliver.mitchell80@example.com,hash_039f3a254d6168bd2defe1935c62b3a2,2250,Japan,https://cdn.gamehub.example/avatars/P080.png,2025-09-13 13:36:50,2024-11-14 06:36:50,TRUE
P081,Evelyn,Patel,evelyn.patel81@example.com,hash_a34b6cf62053da42f1afdb65b289f224,2341,Brazil,https://cdn.gamehub.example/avatars/P081.png,2026-02-15 05:26:19,2024-07-28 20:26:19,TRUE
P082,Aarav,King,aarav.king82@example.com,hash_f72ada9b2f32751e5738811d70c2903f,905,India,https://cdn.gamehub.example/avatars/P082.png,2026-05-18 23:28:09,2025-01-23 08:28:09,FALSE
P083,Ava,Mitchell,ava.mitchell83@example.com,hash_afbb411aa1235a8c93b7a88612f70c97,909,UK,https://cdn.gamehub.example/avatars/P083.png,2025-09-20 21:05:23,2024-08-06 06:05:23,TRUE
P084,Alexander,Ahmed,alexander.ahmed84@example.com,hash_9b37a22b6a8a616fc3b290d08edddfcd,2020,Australia,https://cdn.gamehub.example/avatars/P084.png,2025-05-02 18:53:13,2024-08-21 15:53:13,TRUE
P085,Nora,Clark,nora.clark85@example.com,hash_6dc7cac7fd72b05096a9954fdc33e1f9,1425,Australia,https://cdn.gamehub.example/avatars/P085.png,2026-08-28 19:11:53,2025-06-01 10:11:53,TRUE
P086,Hannah,Adams,hannah.adams86@example.com,hash_14c8b3b4a911d19243bfd9313605bf54,1121,Pakistan,https://cdn.gamehub.example/avatars/P086.png,2025-04-02 09:50:52,2024-09-01 13:50:52,TRUE
P087,Aria,Smith,aria.smith87@example.com,hash_784c2f29980402a2b07aa066735435ea,1396,USA,https://cdn.gamehub.example/avatars/P087.png,2024-10-18 14:58:46,2024-10-16 01:58:46,TRUE
P088,Logan,Baker,logan.baker88@example.com,hash_43b9da13ec856f373bc1a987aff8754d,2080,Australia,https://cdn.gamehub.example/avatars/P088.png,2026-05-01 04:15:08,2025-01-22 02:15:08,TRUE
P089,Chloe,Garcia,chloe.garcia89@example.com,hash_d39e198b44007d5ae88da71926242b40,1091,Canada,https://cdn.gamehub.example/avatars/P089.png,2026-04-01 07:22:42,2025-08-13 11:22:42,TRUE
P090,James,Carter,james.carter90@example.com,hash_49e2623debd3461691b78d8ed3016989,1699,Canada,https://cdn.gamehub.example/avatars/P090.png,2026-10-13 09:17:59,2025-02-10 10:17:59,FALSE
P091,Abigail,Baker,abigail.baker91@example.com,hash_1497d6587010f7197e695d0d8a3c3b5e,2024,USA,https://cdn.gamehub.example/avatars/P091.png,2026-01-28 19:18:09,2025-04-25 03:18:09,FALSE
P092,Aiden,Wright,aiden.wright92@example.com,hash_d6016237ac9ed156f63fce413a9aca5e,1978,Australia,https://cdn.gamehub.example/avatars/P092.png,2025-01-23 01:11:45,2024-12-27 23:11:45,TRUE
P093,Evelyn,King,evelyn.king93@example.com,hash_ea83bf007135f221a6c9537f84dad06a,1369,UK,https://cdn.gamehub.example/avatars/P093.png,2025-01-13 08:58:21,2024-07-17 17:58:21,FALSE
P094,Zara,Smith,zara.smith94@example.com,hash_1ac70ec0ab8ddeb45230dfbd5553b2fe,1129,Germany,https://cdn.gamehub.example/avatars/P094.png,2026-06-08 02:37:43,2025-06-16 13:37:43,FALSE
P095,Zara,Ahmed,zara.ahmed95@example.com,hash_50843242168b1625746f78910964fbbf,1316,Germany,https://cdn.gamehub.example/avatars/P095.png,2026-12-28 20:27:08,2025-11-13 03:27:08,TRUE
P096,Grace,Perez,grace.perez96@example.com,hash_69ca97d2764414fd8ae769edde8ede0b,911,Pakistan,https://cdn.gamehub.example/avatars/P096.png,2025-07-23 01:46:09,2025-07-21 04:46:09,TRUE
P097,Hannah,Nelson,hannah.nelson97@example.com,hash_445dcc38341c64940d366dfcc28ebd70,1924,UK,https://cdn.gamehub.example/avatars/P097.png,2027-04-10 06:35:05,2025-07-08 16:35:05,TRUE
P098,Leo,Roberts,leo.roberts98@example.com,hash_9bdf0377a14923c2f920264c0763fcd0,1290,UK,https://cdn.gamehub.example/avatars/P098.png,2027-04-20 23:19:26,2025-12-10 20:19:26,TRUE
P099,Aria,Khan,aria.khan99@example.com,hash_e9b5c5cfd7665cdafe0490593985fb62,1032,Brazil,https://cdn.gamehub.example/avatars/P099.png,2026-10-10 12:42:44,2025-08-19 10:42:44,TRUE
P100,Isabella,Hall,isabella.hall100@example.com,hash_d5b077e06a5d932b45ff2c83b495db4e,1788,Brazil,https://cdn.gamehub.example/avatars/P100.png,2026-10-19 18:27:15,2025-12-25 02:27:15,TRUE
